# aligned companion of POSNoise_PatternList_El_v1.0.txt; evidence: UD_Greek-GDT (2521 sentences)
# entry	upos	class	evidence_count
άλλος	DET	DET	121
έναντι	ADP	ADP	8
ένας	DET	DET	532
έξω	ADV	ADV	10
έτσι	ADV	ADV	33
έτσι ώστε	ADV	MWE	33
έχω	AUX	AUX	406
έως	ADP	ADP	9
έως ότου	ADP	MWE	9
ή	CCONJ	CCONJ	87
ήδη	ADV	ADV	42
ακόμα	ADV	ADV	66
αλλά	CCONJ	CCONJ	122
αν	SCONJ	SCONJ	115
αν και	SCONJ	MWE	115
ανά	ADP	ADP	4
αναγκάζω	VERB	LVERB	14
αναγνωρίζω	VERB	LVERB	18
ανακοινώνω	VERB	LVERB	19
αναφέρω	VERB	LVERB	90
αντί	ADP	ADP	8
απ' ότι	ADP	MWE	19
απέναντι	ADV	ADV	7
απαγορεύω	VERB	LVERB	10
αποδεικνύω	VERB	LVERB	10
αποφασίζω	VERB	LVERB	17
από	ADP	ADP	720
αρκετός	DET	DET	15
αρχίζω	VERB	LVERB	24
ας	AUX	AUX	8
αυτός	DET	DET	558
αφήνω	VERB	LVERB	21
αφετέρου	ADV	ADV	6
αφού	SCONJ	SCONJ	10
αύριο	ADV	ADV	8
βάσει	ADP	ADP	9
για	ADP	ADP	784
γιατί	SCONJ	SCONJ	16
γνωρίζω	VERB	LVERB	22
γύρω	ADV	ADV	9
δε	ADV	ADV	13
δείχνω	VERB	LVERB	23
δεδομένο	ADV	ADV	12
δεδομένου ότι	ADV	MWE	6
δεν	PART	PART	344
δηλαδή	ADV	ADV	22
δηλώνω	VERB	LVERB	70
διαπιστώνω	VERB	LVERB	13
διότι	SCONJ	SCONJ	24
είμαι	AUX	AUX	599
είτε	CCONJ	CCONJ	12
εγώ	PRON	PRON	301
εδώ	ADV	ADV	61
εις	ADP	ADP	4
εκ	ADP	ADP	35
εκεί	ADV	ADV	18
εκείνος	PRON	PRON	18
εκτός	ADV	ADV	20
ελπίζω	VERB	LVERB	21
εν	ADP	ADP	42
εναντίον	ADP	ADP	20
ενόψει	ADP	ADP	3
ενώ	SCONJ	SCONJ	95
ενώπιον	ADP	ADP	3
εξάλλου	ADV	ADV	7
εξαιτίας	ADP	ADP	14
εξακολουθώ	VERB	LVERB	14
επί	ADP	ADP	15
επίσης	ADV	ADV	110
επειδή	SCONJ	SCONJ	20
επιδιώκω	VERB	LVERB	10
επιθυμώ	VERB	LVERB	20
επιπλέον	ADV	ADV	10
επισημαίνω	VERB	LVERB	29
επιτρέπω	VERB	LVERB	47
εφόσον	SCONJ	SCONJ	14
ζητώ	VERB	LVERB	33
θέλω	VERB	LVERB	91
θα	AUX	AUX	512
θεωρώ	VERB	LVERB	70
ιδιαίτερα	ADV	ADV	23
κάθε	DET	DET	35
κάποιος	DET	DET	36
κάτι	PRON	PRON	24
κάτω	ADV	ADV	10
καθένας	PRON	PRON	5
καθίσταμαι	VERB	LVERB	20
καθιστώ	VERB	LVERB	14
καθότι	SCONJ	SCONJ	3
καθώς	ADV	ADV	84
και	CCONJ	CCONJ	1688
καλώ	VERB	LVERB	12
κανένας	DET	DET	40
κατά	ADP	ADP	184
καταλήγω	VERB	LVERB	14
καταφέρνω	VERB	LVERB	16
κατόπιν	ADP	ADP	9
κηρύσσω	VERB	LVERB	11
λέγω	VERB	LVERB	66
λίγο	ADV	ADV	15
λοιπόν	ADV	ADV	11
λόγω	ADP	ADP	34
μάλιστα	ADV	ADV	21
μένω	VERB	LVERB	16
μέσω	ADP	ADP	34
μέχρι	ADP	ADP	63
μέχρι που	ADP	MWE	63
μαζί	ADV	ADV	20
με	ADP	ADP	761
μεν	ADV	ADV	8
μερικοί	DET	DET	14
μετά	ADP	ADP	84
μεταξύ	ADP	ADP	82
μην	PART	PART	43
μου	PRON	PRON	649
μπορώ	VERB	LVERB	186
μόλις	ADV	ADV	15
μόνο	ADV	ADV	72
να	AUX	AUX	1435
ο	DET	DET	11046
οποίος	PRON	PRON	350
οποιοσδήποτε	DET	DET	14
οπότε	CCONJ	CCONJ	4
οτιδήποτε	DET	DET	3
οφείλω	VERB	LVERB	28
ούτε	CCONJ	CCONJ	21
ούτως ή άλλως	ADV	MWE	5
ούτως ώστε	ADV	MWE	5
πάλι	ADV	ADV	8
πάνω	ADV	ADV	16
πέρυσι	ADV	ADV	11
πίσω	ADV	ADV	6
παρά	ADP	ADP	20
παραμένω	VERB	LVERB	27
παρόλο	ADV	ADV	10
παρόλο που	ADV	MWE	10
περί	ADP	ADP	6
περίπου	ADV	ADV	22
περαιτέρω	ADV	ADV	18
περιμένω	VERB	LVERB	13
πιο	ADV	ADV	50
πιστεύω	VERB	LVERB	50
πλέον	ADV	ADV	27
ποιος	PRON	PRON	6
πολύ	ADV	ADV	77
ποτέ	ADV	ADV	10
που	PRON	PRON	665
πράγματι	ADV	ADV	8
πριν	ADV	ADV	35
προ	ADP	ADP	4
προκειμένου	SCONJ	SCONJ	42
προς	ADP	ADP	110
προσθέτω	VERB	LVERB	11
προσπαθώ	VERB	LVERB	23
προτείνω	VERB	LVERB	19
πρώην	ADV	ADV	14
πρώτον	ADV	ADV	6
πως	SCONJ	SCONJ	30
πότε	ADV	ADV	6
σήμερα	ADV	ADV	73
σαν	ADV	ADV	8
σε	ADP	ADP	2195
σημαίνω	VERB	LVERB	13
συνιστώ	VERB	LVERB	13
σχεδόν	ADV	ADV	8
σχετικά	ADV	ADV	83
σύμφωνα	ADV	ADV	52
τέτοιος	DET	DET	28
τίποτα	PRON	PRON	8
τι	PRON	PRON	15
τονίζω	VERB	LVERB	16
τουλάχιστο	ADV	ADV	18
τούτος	PRON	PRON	15
τόσο	ADV	ADV	32
τότε	ADV	ADV	22
τώρα	ADV	ADV	41
υπέρ	ADP	ADP	25
υπενθυμίζω	VERB	LVERB	11
υπογραμμίζω	VERB	LVERB	15
υποχρεώνω	VERB	LVERB	11
υπό	ADP	ADP	34
υπόψη	ADV	ADV	22
χάρη	ADV	ADV	10
χαρακτηρίζω	VERB	LVERB	16
χωρίς	ADP	ADP	29
ως	ADV	ADV	130
ως εκ τούτου	ADV	MWE	130
ως προς	ADV	MWE	130
ωστόσο	CCONJ	CCONJ	58
ό,τι	PRON	PRON	7
όλο	ADV	ADV	14
όμως	CCONJ	CCONJ	62
όπου	ADV	ADV	34
όπως	ADV	ADV	110
όσο	ADV	ADV	83
όσο για	ADV	MWE	83
όσον αφορά	ADV	MWE	44
όσος	PRON	PRON	23
όταν	SCONJ	SCONJ	47
ότι	SCONJ	SCONJ	535
όχι	PART	PART	36
ώς	ADP	ADP	6
ώστε	SCONJ	SCONJ	38
