# aligned companion of POSNoise_PatternList_Lv_v1.0.txt; evidence: UD_Latvian-LVTB (19580 sentences)
# entry	upos	class	evidence_count
abas	DET	DET	71
abi	DET	DET	130
acīmredzot	PART	PART	11
aicināt	VERB	LVERB	125
aiz	ADP	ADP	110
aizliegt	VERB	LVERB	37
aizmirst	VERB	LVERB	70
aizvien	ADV	ADV	35
allaž	ADV	ADV	16
ap	ADP	ADP	104
apgalvot	VERB	LVERB	44
apkārt	ADV	ADV	32
apliecināt	VERB	LVERB	39
apmēram	ADV	ADV	46
apsolīt	VERB	LVERB	16
apzināties	VERB	LVERB	36
ar	ADP	ADP	3221
arvien	ADV	ADV	91
arī	PART	PART	2147
atcerēties	VERB	LVERB	124
atgādināt	VERB	LVERB	57
atkal	ADV	ADV	177
atklāt	VERB	LVERB	153
atpakaļ	ADV	ADV	72
atteikties	VERB	LVERB	40
atzīmēt	VERB	LVERB	46
atzīt	VERB	LVERB	156
atļaut	VERB	LVERB	43
atļauties	VERB	LVERB	23
augstu	ADV	ADV	27
augšā	ADV	ADV	21
baidīties	VERB	LVERB	52
beidzot	ADV	ADV	62
bet	CCONJ	CCONJ	1669
bet arī	CCONJ	MWE	1669
bet gan	CCONJ	MWE	1669
bez	ADP	ADP	219
bieži	ADV	ADV	156
blakus	ADV	ADV	77
bojā	ADV	ADV	28
brīnīties	VERB	LVERB	26
būt	AUX	AUX	10055
caur	ADP	ADP	54
censties	VERB	LVERB	120
cerēt	VERB	LVERB	74
ceturtdien	ADV	ADV	17
cik	ADV	ADV	173
cita	DET	DET	277
cits	DET	DET	405
citur	ADV	ADV	23
daudz	ADV	ADV	653
daudzi	DET	DET	205
daža	DET	DET	60
dažkārt	ADV	ADV	19
dažreiz	ADV	ADV	23
dažs	DET	DET	101
diemžēl	PART	PART	50
diez	PART	PART	11
diezgan	ADV	ADV	52
diezin	PART	PART	4
domāt	VERB	LVERB	302
draudēt	VERB	LVERB	25
droši	PART	PART	55
drusku	ADV	ADV	27
drīkstēt	VERB	LVERB	76
drīz	ADV	ADV	63
dēvēt	VERB	LVERB	19
dēļ	ADP	ADP	169
es	PRON	PRON	2119
fon	PART	PART	7
galvenokārt	ADV	ADV	34
gan	CCONJ	CCONJ	782
gan arī	CCONJ	MWE	782
gandrīz	ADV	ADV	113
gar	ADP	ADP	37
garām	ADV	ADV	46
gatavoties	VERB	LVERB	40
grasīties	VERB	LVERB	18
gribēt	VERB	LVERB	254
gribēties	VERB	LVERB	57
grūti	ADV	ADV	114
i	NUM	NUM	23
iecerēt	VERB	LVERB	29
iedomāties	VERB	LVERB	63
iekšā	ADV	ADV	26
iemācīties	VERB	LVERB	30
iepriekš	ADV	ADV	102
ierosināt	VERB	LVERB	17
iesacīt	VERB	LVERB	29
ieteikt	VERB	LVERB	31
ik	PART	PART	60
ikviena	DET	DET	18
ikviens	DET	DET	64
informēt	VERB	LVERB	109
it	PART	PART	124
it kā	PART	MWE	124
itin	PART	PART	8
izdomāt	VERB	LVERB	28
izdoties	VERB	LVERB	121
izlemt	VERB	LVERB	35
izrādīties	VERB	LVERB	52
izskatīties	VERB	LVERB	72
izteikties	VERB	LVERB	22
iztēloties	VERB	LVERB	16
ja	SCONJ	SCONJ	819
jau	ADV	ADV	923
jautāt	VERB	LVERB	47
jeb	CCONJ	CCONJ	77
jebkas	PRON	PRON	5
jebkura	DET	DET	29
jebkurš	DET	DET	46
jebkāda	DET	DET	12
jebkāds	DET	DET	10
jo	SCONJ	SCONJ	756
joprojām	ADV	ADV	89
just	VERB	LVERB	64
justies	VERB	LVERB	88
jā	PART	PART	96
jūs	PRON	PRON	256
ka	SCONJ	SCONJ	3102
kad	ADV	ADV	741
kamēr	SCONJ	SCONJ	106
kas	PRON	PRON	2704
katra	DET	DET	164
katrs	DET	DET	154
kaut	PART	PART	323
kaut arī	PART	MWE	323
kaut gan	PART	MWE	323
klāt	ADV	ADV	71
kopā	ADV	ADV	225
kopš	ADP	ADP	125
kur	ADV	ADV	444
kura	DET	DET	759
kurš	DET	DET	976
kā	SCONJ	SCONJ	1958
kā ari	SCONJ	MWE	1958
kā arī	SCONJ	MWE	1958
kāda	DET	DET	332
kādreiz	ADV	ADV	42
kāds	DET	DET	489
kādēļ	ADV	ADV	25
kāpēc	ADV	ADV	115
kļūt	VERB	LVERB	257
labi	ADV	ADV	299
labprāt	ADV	ADV	25
lai	SCONJ	SCONJ	1085
lai arī	SCONJ	MWE	1085
lai gan	SCONJ	MWE	1085
lai vai	SCONJ	MWE	1085
laikam	PART	PART	79
lejā	ADV	ADV	23
liecināt	VERB	LVERB	103
liegt	VERB	LVERB	21
likt	VERB	LVERB	184
likties	VERB	LVERB	80
lēnām	ADV	ADV	19
līdz	ADP	ADP	649
līdzko	SCONJ	SCONJ	8
līdzās	ADV	ADV	21
lūgt	VERB	LVERB	65
mana	DET	DET	159
mans	DET	DET	122
manuprāt	ADV	ADV	31
manējs	DET	DET	4
maz	ADV	ADV	85
mazliet	ADV	ADV	63
mācēt	VERB	LVERB	24
mācīt	VERB	LVERB	18
mēgt	VERB	LVERB	53
mēs	PRON	PRON	1143
mēģināt	VERB	LVERB	138
mūsējs	DET	DET	6
ne	PART	PART	581
ne jau	PART	MWE	581
ne tikai	PART	MWE	581
ne tikvien	PART	MWE	581
ne vien	PART	MWE	581
nedaudz	ADV	ADV	51
nedz	CCONJ	CCONJ	20
nekad	ADV	ADV	107
nekas	PRON	PRON	183
nekur	ADV	ADV	19
nekā	SCONJ	SCONJ	231
nekāda	DET	DET	52
nekāds	DET	DET	52
nemaz	ADV	ADV	70
nesen	ADV	ADV	43
netālu	ADV	ADV	21
neviena	DET	DET	38
neviens	DET	DET	150
nevis	CCONJ	CCONJ	111
nez	PART	PART	15
nezin	PART	PART	5
no	ADP	ADP	2430
nodomāt	VERB	LVERB	17
nolemt	VERB	LVERB	75
noliegt	VERB	LVERB	29
norādīt	VERB	LVERB	206
noskaidrot	VERB	LVERB	50
nost	ADV	ADV	24
nozīmēt	VERB	LVERB	81
nr.	ADV	ADV	21
nu	PART	PART	298
nākties	VERB	LVERB	58
nē	PART	PART	65
otrkārt	ADV	ADV	19
otrpus	ADP	ADP	4
pa	ADP	ADP	449
padarīt	VERB	LVERB	64
padomāt	VERB	LVERB	24
pagaidām	ADV	ADV	46
pajautāt	VERB	LVERB	20
palikt	VERB	LVERB	183
palīdzēt	VERB	LVERB	135
pamazām	ADV	ADV	24
papildus	ADV	ADV	23
par	ADP	ADP	2625
parasti	ADV	ADV	89
paredzēt	VERB	LVERB	188
parādīt	VERB	LVERB	72
pasacīt	VERB	LVERB	19
paskaidrot	VERB	LVERB	24
paspēt	VERB	LVERB	34
pastāstīt	VERB	LVERB	70
pat	PART	PART	380
pateikt	VERB	LVERB	60
pati	DET	DET	222
patiesi	ADV	ADV	21
patiešām	PART	PART	39
patlaban	ADV	ADV	54
pats	DET	DET	427
paust	VERB	LVERB	59
pavisam	ADV	ADV	80
paziņot	VERB	LVERB	85
pašlaik	ADV	ADV	84
pie	ADP	ADP	683
piebilst	VERB	LVERB	46
piektdien	ADV	ADV	20
pieprasīt	VERB	LVERB	48
pierādīt	VERB	LVERB	58
piespiest	VERB	LVERB	21
pieļaut	VERB	LVERB	51
pirmkārt	ADV	ADV	25
pirmoreiz	ADV	ADV	18
pirms	ADP	ADP	265
plkst.	ADV	ADV	27
plānot	VERB	LVERB	103
prast	VERB	LVERB	76
pret	ADP	ADP	274
pretī	ADV	ADV	34
priecāties	VERB	LVERB	30
priekš	ADP	ADP	6
priekšā	NOUN	OTH	56
prognozēt	VERB	LVERB	37
prom	ADV	ADV	52
protams	PART	PART	144
proti	PART	PART	46
pulksten	ADV	ADV	17
pār	ADP	ADP	47
pāri	ADV	ADV	73
pārliecināt	VERB	LVERB	54
pārliecināties	VERB	LVERB	22
pārāk	ADV	ADV	80
pēc	ADP	ADP	968
pērn	ADV	ADV	50
rakstīt	VERB	LVERB	96
reiz	ADV	ADV	59
reizēm	ADV	ADV	33
rosināt	VERB	LVERB	16
rīt	ADV	ADV	21
sacīt	VERB	LVERB	266
saprast	VERB	LVERB	225
saukt	VERB	LVERB	108
sava	DET	DET	677
savs	DET	DET	474
savukārt	ADV	ADV	213
savulaik	ADV	ADV	17
savējs	DET	DET	11
secināt	VERB	LVERB	56
sen	ADV	ADV	40
sevis	PRON	PRON	318
skaidrot	VERB	LVERB	89
smieties	VERB	LVERB	44
solīt	VERB	LVERB	36
spiest	VERB	LVERB	42
spriest	VERB	LVERB	42
spēt	VERB	LVERB	230
starp	ADP	ADP	180
stāstīt	VERB	LVERB	184
sākt	VERB	LVERB	354
tad	ADV	ADV	656
tagad	ADV	ADV	244
tak	PART	PART	7
tapt	VERB	LVERB	74
tas	DET	DET	3509
tava	DET	DET	32
tavs	DET	DET	29
taču	CCONJ	CCONJ	538
te	ADV	ADV	138
teikt	VERB	LVERB	326
teju	ADV	ADV	24
ticēt	VERB	LVERB	71
tieši	PART	PART	221
tiešām	PART	PART	64
tik	ADV	ADV	343
tikai	PART	PART	707
tikko	ADV	ADV	31
tiklīdz	SCONJ	SCONJ	23
tikmēr	ADV	ADV	35
tikpat	ADV	ADV	57
tikpat kā	ADV	MWE	57
tikt	AUX	AUX	1284
tikvien	PART	PART	10
tipa	NOUN	OTH	19
tobrīd	ADV	ADV	18
tolaik	ADV	ADV	17
tomēr	CCONJ	CCONJ	319
toreiz	ADV	ADV	41
tostarp	ADV	ADV	30
toties	CCONJ	CCONJ	24
traucēt	VERB	LVERB	33
tu	PRON	PRON	489
tur	ADV	ADV	270
turklāt	PART	PART	128
turpat	ADV	ADV	25
turpināt	VERB	LVERB	149
turpmāk	ADV	ADV	36
turpretim	CCONJ	CCONJ	5
turpretī	CCONJ	CCONJ	7
tuvu	ADV	ADV	44
tā	DET	DET	2148
tā ka	DET	MWE	2148
tā kā	DET	MWE	2148
tāda	DET	DET	202
tāds	DET	DET	276
tāds kā	DET	MWE	276
tādu kā	DET	MWE	102
tādā kā	DET	MWE	61
tādējādi	ADV	ADV	85
tādēļ	ADV	ADV	102
tālu	ADV	ADV	74
tāpat	PART	PART	179
tāpat kā	PART	MWE	179
tāpēc	ADV	ADV	277
tāpēc ka	ADV	MWE	277
tātad	CCONJ	CCONJ	59
tūlīt	ADV	ADV	32
un	CCONJ	CCONJ	8787
uz	ADP	ADP	2045
uzreiz	ADV	ADV	63
uzskatīt	VERB	LVERB	204
uzsvērt	VERB	LVERB	92
uzzināt	VERB	LVERB	62
vai	CCONJ	CCONJ	1409
vai arī	CCONJ	MWE	1409
vai nu	CCONJ	MWE	1409
vaicāt	VERB	LVERB	25
vairs	ADV	ADV	199
vairāk nekā	ADV	MWE	315
vairāki	DET	DET	233
vairākkārt	ADV	ADV	17
vajadzēt	VERB	LVERB	223
vakar	ADV	ADV	29
varbūt	PART	PART	127
varēt	VERB	LVERB	1742
vaļā	ADV	ADV	29
viegli	ADV	ADV	103
vien	PART	PART	265
vienalga	ADV	ADV	19
vienkārši	ADV	ADV	93
vienlaikus	ADV	ADV	48
vienmēr	ADV	ADV	160
vienoties	VERB	LVERB	29
vienīgi	PART	PART	40
virs	ADP	ADP	35
virsū	ADV	ADV	26
vis	PART	PART	6
visa	DET	DET	321
vismaz	ADV	ADV	115
vispirms	ADV	ADV	46
vispār	ADV	ADV	72
viss	DET	DET	898
visur	ADV	ADV	16
viņa	PRON	PRON	1562
viņš	PRON	PRON	2135
vēl	ADV	ADV	608
vēlreiz	ADV	ADV	39
vēlu	ADV	ADV	110
vēlēties	VERB	LVERB	221
vērā	ADV	ADV	93
vēstīt	VERB	LVERB	39
zem	ADP	ADP	79
zināt	VERB	LVERB	394
ziņot	VERB	LVERB	76
ārpus	ADP	ADP	33
ārā	ADV	ADV	77
ātri	ADV	ADV	88
īpaši	ADV	ADV	143
ļaut	VERB	LVERB	154
ļoti	ADV	ADV	478
šaubīties	VERB	LVERB	20
šeit	ADV	ADV	79
šis	DET	DET	935
šobrīd	ADV	ADV	101
šodien	ADV	ADV	86
šogad	ADV	ADV	90
šoreiz	ADV	ADV	35
šāda	DET	DET	179
šāds	DET	DET	201
šī	DET	DET	817
šķist	VERB	LVERB	126
