L,auc_hapax,auc_lambda_G,auc_sqrt,cllr_hapax,cllr_lambda_G,cllr_sqrt,cllrmin_hapax,cllrmin_lambda_G,cllrmin_sqrt,dataset,engine,n,secs,seg
0,0.9471,0.9486,0.9488,0.7902,13.6547,0.5,0.3552,0.3457,0.3456,american_dracor,kn,296,232,w10
1200,0.896,0.8957,0.8957,1.3475,23.1856,0.8469,0.5218,0.5246,0.5246,american_dracor,kn,296,69,w10
600,0.8702,0.8717,0.8717,1.2736,12.6196,0.7698,0.6049,0.6037,0.6037,american_dracor,kn,296,35,w10
300,0.7375,0.7444,0.7444,1.7923,11.1733,1.002,0.8213,0.8061,0.8061,american_dracor,kn,296,22,w10
150,0.6517,0.6521,0.6521,1.7451,7.0017,1.0421,0.9088,0.8989,0.8989,american_dracor,kn,296,16,w10
0,0.9498,0.9506,0.9509,0.766,13.0385,0.4835,0.3341,0.3334,0.3325,american_dracor,kn,296,222,w20
1200,0.9006,0.9001,0.9001,1.2981,22.2011,0.8179,0.513,0.5097,0.5097,american_dracor,kn,296,55,w20
600,0.8604,0.862,0.862,1.2981,12.7361,0.7843,0.6253,0.6211,0.6211,american_dracor,kn,296,32,w20
300,0.736,0.7424,0.7424,1.8241,11.486,1.008,0.8257,0.8162,0.8162,american_dracor,kn,296,20,w20
150,0.6778,0.6783,0.6783,1.6266,6.4434,0.9969,0.8971,0.876,0.876,american_dracor,kn,296,15,w20
0,0.9506,0.951,0.9512,0.7774,13.1661,0.4884,0.3407,0.3352,0.3346,american_dracor,kn,296,211,w30
1200,0.9055,0.9051,0.9051,1.1666,19.9595,0.743,0.4865,0.4901,0.4901,american_dracor,kn,296,55,w30
600,0.8794,0.88,0.88,1.1018,10.824,0.6942,0.5766,0.5767,0.5767,american_dracor,kn,296,33,w30
300,0.742,0.7493,0.7493,1.6459,10.1277,0.9527,0.8175,0.7981,0.7981,american_dracor,kn,296,20,w30
150,0.6747,0.676,0.676,1.6424,6.591,1.0067,0.8932,0.8783,0.8783,american_dracor,kn,296,15,w30
0,0.9138,0.9186,0.9191,1.3446,31.1381,0.9694,0.5137,0.4961,0.4937,dutch_dracor,kn,1268,993,w10
1200,0.8995,0.9054,0.9056,1.2383,27.3029,0.9317,0.5488,0.5374,0.5369,dutch_dracor,kn,1268,273,w10
600,0.8626,0.8707,0.8707,1.1806,14.6937,0.8524,0.6451,0.6265,0.6265,dutch_dracor,kn,1268,168,w10
300,0.7846,0.7882,0.7882,1.3306,10.2805,0.953,0.7871,0.7783,0.7783,dutch_dracor,kn,1268,107,w10
150,0.7076,0.7175,0.7175,1.3783,6.2478,0.9742,0.8805,0.8704,0.8704,dutch_dracor,kn,1268,69,w10
0,0.9134,0.918,0.9186,1.3564,31.5149,0.9795,0.5128,0.496,0.4941,dutch_dracor,kn,1268,874,w20
1200,0.9012,0.9069,0.9072,1.2459,27.5898,0.937,0.5497,0.5305,0.5298,dutch_dracor,kn,1268,249,w20
600,0.8633,0.8714,0.8714,1.2262,15.5767,0.8789,0.6362,0.6201,0.6201,dutch_dracor,kn,1268,136,w20
300,0.7926,0.797,0.797,1.3341,10.2663,0.9529,0.7742,0.7601,0.7601,dutch_dracor,kn,1268,94,w20
150,0.7061,0.7185,0.7185,1.591,7.6161,1.0432,0.8835,0.864,0.864,dutch_dracor,kn,1268,67,w20
0,0.915,0.9197,0.9202,1.3467,31.2493,0.9724,0.5055,0.4912,0.4898,dutch_dracor,kn,1268,946,w30
1200,0.9024,0.9082,0.9085,1.2746,28.1617,0.9591,0.5424,0.5299,0.5289,dutch_dracor,kn,1268,234,w30
600,0.8603,0.8684,0.8684,1.2554,15.7515,0.8965,0.6489,0.6317,0.6317,dutch_dracor,kn,1268,135,w30
300,0.7908,0.795,0.795,1.4253,11.1952,0.9932,0.7782,0.7691,0.7691,dutch_dracor,kn,1268,95,w30
150,0.7057,0.7156,0.7156,1.4681,6.8335,1.0046,0.8842,0.8732,0.8732,dutch_dracor,kn,1268,73,w30
0,0.9321,0.9341,0.9343,0.8281,15.7721,0.5994,0.4558,0.4491,0.4481,english_dracor,kn,2000,1508,w10
1200,0.8753,0.8746,0.8747,1.1388,21.1142,0.8408,0.62,0.6245,0.6248,english_dracor,kn,2000,398,w10
600,0.7998,0.8016,0.8016,1.3026,13.9363,0.8966,0.7689,0.7661,0.7661,english_dracor,kn,2000,225,w10
300,0.7144,0.7164,0.7164,1.4363,9.1662,0.9678,0.8803,0.8809,0.8809,english_dracor,kn,2000,141,w10
150,0.632,0.6351,0.6351,1.5958,6.6406,1.0512,0.9553,0.9498,0.9498,english_dracor,kn,2000,103,w10
0,0.9343,0.9357,0.936,0.8073,15.4857,0.5884,0.4451,0.4428,0.4425,english_dracor,kn,2000,1323,w20
1200,0.8816,0.8808,0.8809,1.0673,19.6924,0.7982,0.6049,0.6051,0.6054,english_dracor,kn,2000,371,w20
600,0.8066,0.808,0.808,1.2461,13.1663,0.8694,0.7563,0.7553,0.7553,english_dracor,kn,2000,213,w20
300,0.7253,0.7278,0.7278,1.3784,8.7164,0.9416,0.8707,0.8653,0.8653,english_dracor,kn,2000,132,w20
150,0.6386,0.6441,0.6441,1.6157,6.7619,1.0487,0.95,0.9434,0.9434,english_dracor,kn,2000,99,w20
0,0.935,0.9367,0.9369,0.7907,15.0614,0.5762,0.4391,0.4321,0.4321,english_dracor,kn,2000,1309,w30
1200,0.8823,0.8816,0.8817,1.0418,19.1649,0.783,0.6004,0.603,0.6028,english_dracor,kn,2000,360,w30
600,0.8093,0.8112,0.8112,1.2198,12.8793,0.8565,0.7512,0.7468,0.7468,english_dracor,kn,2000,207,w30
300,0.725,0.7267,0.7267,1.3618,8.6555,0.9388,0.8682,0.8674,0.8674,english_dracor,kn,2000,136,w30
150,0.6392,0.6453,0.6453,1.5865,6.5952,1.0428,0.9477,0.9423,0.9423,english_dracor,kn,2000,95,w30
0,0.9371,0.9399,0.9402,0.9217,16.3817,0.614,0.4145,0.4084,0.408,english_poetree,kn,2000,1433,w10
1200,0.8657,0.867,0.8671,1.3866,24.4586,0.9161,0.634,0.635,0.6343,english_poetree,kn,2000,402,w10
600,0.7713,0.7744,0.7744,1.5283,16.4322,0.978,0.8055,0.8008,0.8008,english_poetree,kn,2000,230,w10
300,0.6873,0.6914,0.6914,1.6592,11.3182,1.0546,0.9051,0.8972,0.8972,english_poetree,kn,2000,144,w10
150,0.616,0.6198,0.6198,1.7504,8.3727,1.1409,0.9592,0.9554,0.9554,english_poetree,kn,2000,103,w10
0,0.9394,0.9417,0.942,0.8925,15.9727,0.5951,0.4045,0.3984,0.398,english_poetree,kn,2000,1411,w20
1200,0.867,0.8685,0.8687,1.3125,23.0071,0.8751,0.6308,0.6309,0.6304,english_poetree,kn,2000,396,w20
600,0.7742,0.7771,0.7771,1.4614,15.5918,0.9523,0.8013,0.7974,0.7974,english_poetree,kn,2000,227,w20
300,0.6873,0.6929,0.6929,1.6524,11.2585,1.0492,0.9046,0.8967,0.8967,english_poetree,kn,2000,156,w20
150,0.6204,0.6247,0.6247,1.8111,8.7306,1.155,0.9562,0.9517,0.9517,english_poetree,kn,2000,111,w20
0,0.9423,0.9445,0.9448,0.8441,15.0167,0.5693,0.3935,0.3879,0.3874,english_poetree,kn,2000,1435,w30
1200,0.8696,0.8709,0.8709,1.2529,21.8176,0.8432,0.6258,0.6234,0.6232,english_poetree,kn,2000,425,w30
600,0.7758,0.7786,0.7786,1.4479,15.5105,0.9468,0.8036,0.7985,0.7985,english_poetree,kn,2000,249,w30
300,0.691,0.6958,0.6958,1.6423,11.2574,1.0452,0.8999,0.8947,0.8947,english_poetree,kn,2000,156,w30
150,0.6201,0.6245,0.6245,1.7613,8.4236,1.1409,0.9579,0.9507,0.9507,english_poetree,kn,2000,107,w30
0,0.9295,0.9315,0.9314,0.9996,14.7353,0.5819,0.46,0.4571,0.458,french_dracor,kn,2000,1586,w10
1200,0.8449,0.8483,0.8483,1.6838,24.6824,0.9402,0.6838,0.6793,0.6792,french_dracor,kn,2000,427,w10
600,0.7786,0.7817,0.7817,1.7786,16.3765,0.9727,0.7976,0.7905,0.7905,french_dracor,kn,2000,252,w10
300,0.7247,0.7271,0.7271,1.7404,10.1133,0.9799,0.8666,0.8644,0.8644,french_dracor,kn,2000,154,w10
150,0.6524,0.6533,0.6533,1.7784,6.751,1.0356,0.9368,0.9333,0.9333,french_dracor,kn,2000,112,w10
0,0.9328,0.9346,0.9345,0.9714,14.3257,0.5657,0.4505,0.4477,0.4479,french_dracor,kn,2000,1455,w20
1200,0.8507,0.8532,0.8532,1.6134,23.7305,0.9068,0.6708,0.668,0.6678,french_dracor,kn,2000,399,w20
600,0.784,0.7872,0.7872,1.7366,15.9617,0.9543,0.7908,0.7848,0.7848,french_dracor,kn,2000,233,w20
300,0.7264,0.7284,0.7284,1.7416,10.1423,0.9766,0.8685,0.8628,0.8628,french_dracor,kn,2000,160,w20
150,0.6596,0.6596,0.6596,1.7945,6.8486,1.0368,0.9318,0.9288,0.9288,french_dracor,kn,2000,116,w20
0,0.9324,0.9341,0.9341,0.9659,14.2743,0.5641,0.4528,0.4485,0.4489,french_dracor,kn,2000,1565,w30
1200,0.8512,0.8544,0.8544,1.5792,23.0668,0.8894,0.6678,0.6628,0.663,french_dracor,kn,2000,438,w30
600,0.7909,0.7937,0.7937,1.6623,15.2529,0.928,0.7764,0.7737,0.7737,french_dracor,kn,2000,233,w30
300,0.7302,0.7317,0.7317,1.7201,10.0067,0.9724,0.8625,0.8574,0.8574,french_dracor,kn,2000,151,w30
150,0.6545,0.6551,0.6551,1.7655,6.725,1.0311,0.9354,0.931,0.931,french_dracor,kn,2000,120,w30
0,0.9277,0.9282,0.9282,0.9583,17.5942,0.6498,0.4678,0.4603,0.459,french_poetree,kn,2000,1620,w10
1200,0.8639,0.8686,0.8686,1.3784,24.3071,0.8855,0.6426,0.6297,0.6299,french_poetree,kn,2000,409,w10
600,0.7982,0.8021,0.8021,1.3684,15.0981,0.9021,0.7706,0.7618,0.7618,french_poetree,kn,2000,230,w10
300,0.7126,0.7193,0.7193,1.5469,10.6218,1.0034,0.8836,0.875,0.875,french_poetree,kn,2000,145,w10
150,0.612,0.6181,0.6181,1.76,8.0478,1.1166,0.9549,0.9461,0.9461,french_poetree,kn,2000,104,w10
0,0.9304,0.9309,0.931,0.9224,17.0101,0.6275,0.4569,0.4485,0.4485,french_poetree,kn,2000,1376,w20
1200,0.8685,0.8725,0.8725,1.3156,23.1806,0.852,0.6315,0.622,0.6224,french_poetree,kn,2000,360,w20
600,0.8032,0.8066,0.8066,1.3286,14.6543,0.8831,0.761,0.7549,0.7549,french_poetree,kn,2000,208,w20
300,0.7168,0.7248,0.7248,1.5165,10.3564,0.99,0.8787,0.8654,0.8654,french_poetree,kn,2000,130,w20
150,0.6163,0.6224,0.6224,1.7953,8.2565,1.1265,0.9521,0.9458,0.9458,french_poetree,kn,2000,96,w20
0,0.9291,0.9298,0.9299,0.931,17.1599,0.6314,0.4609,0.4555,0.455,french_poetree,kn,2000,1290,w30
1200,0.869,0.8726,0.8725,1.2932,22.8195,0.8423,0.6325,0.6224,0.6234,french_poetree,kn,2000,351,w30
600,0.8034,0.8064,0.8064,1.3061,14.4493,0.8759,0.7564,0.7529,0.7529,french_poetree,kn,2000,241,w30
300,0.7131,0.7202,0.7202,1.5551,10.7211,1.006,0.8829,0.8749,0.8749,french_poetree,kn,2000,149,w30
150,0.6206,0.625,0.625,1.7358,7.969,1.1106,0.9513,0.9434,0.9434,french_poetree,kn,2000,98,w30
0,0.9323,0.9335,0.9336,1.3248,20.6038,0.6934,0.4271,0.4279,0.4275,german_dracor,kn,2000,1646,w10
1200,0.886,0.8871,0.8871,1.5643,23.6095,0.8525,0.5842,0.5831,0.5835,german_dracor,kn,2000,425,w10
600,0.8393,0.8407,0.8407,1.4434,13.1601,0.818,0.6913,0.6882,0.6882,german_dracor,kn,2000,242,w10
300,0.7474,0.7494,0.7494,1.6327,9.5276,0.9313,0.8306,0.8276,0.8276,german_dracor,kn,2000,163,w10
150,0.6644,0.6662,0.6662,1.7124,6.7073,1.0136,0.9156,0.9103,0.9103,german_dracor,kn,2000,124,w10
0,0.9314,0.933,0.9331,1.3273,20.646,0.6908,0.4283,0.4281,0.4284,german_dracor,kn,2000,1487,w20
1200,0.8897,0.8904,0.8904,1.4709,22.0278,0.8133,0.5747,0.5736,0.5742,german_dracor,kn,2000,391,w20
600,0.8374,0.839,0.839,1.4126,12.9249,0.8088,0.6925,0.6922,0.6922,german_dracor,kn,2000,213,w20
300,0.7524,0.7549,0.7549,1.6,9.3499,0.9195,0.8272,0.8247,0.8247,german_dracor,kn,2000,137,w20
150,0.6608,0.6624,0.6624,1.8243,7.2329,1.0423,0.914,0.9123,0.9123,german_dracor,kn,2000,100,w20
0,0.9334,0.9352,0.9353,1.2905,20.0033,0.673,0.4193,0.4186,0.4182,german_dracor,kn,2000,1356,w30
1200,0.8896,0.8899,0.89,1.4472,21.7632,0.8034,0.5723,0.5728,0.573,german_dracor,kn,2000,423,w30
600,0.8439,0.8454,0.8454,1.3488,12.3127,0.7834,0.6812,0.6803,0.6803,german_dracor,kn,2000,224,w30
300,0.7549,0.7569,0.7569,1.5671,9.142,0.9103,0.8237,0.822,0.822,german_dracor,kn,2000,139,w30
150,0.6627,0.6638,0.6638,1.7302,6.7623,1.0197,0.9161,0.9097,0.9097,german_dracor,kn,2000,115,w30
0,0.9888,0.9891,0.9891,0.2228,2.9274,0.2018,0.179,0.1782,0.179,german_poetree,kn,2000,1550,w10
1200,0.9365,0.9368,0.9366,0.7813,11.4705,0.5465,0.4453,0.4436,0.4438,german_poetree,kn,2000,430,w10
600,0.8906,0.8908,0.8908,0.9155,8.6209,0.6538,0.582,0.5805,0.5805,german_poetree,kn,2000,248,w10
300,0.8175,0.8167,0.8167,1.0963,6.8545,0.7847,0.7367,0.7395,0.7395,german_poetree,kn,2000,155,w10
150,0.7209,0.7238,0.7238,1.3416,5.6649,0.9294,0.8701,0.8662,0.8662,german_poetree,kn,2000,105,w10
0,0.9899,0.9901,0.9901,0.212,2.7604,0.194,0.1703,0.1686,0.1687,german_poetree,kn,2000,1303,w20
1200,0.9377,0.938,0.9379,0.7691,11.3298,0.5373,0.4414,0.44,0.4402,german_poetree,kn,2000,359,w20
600,0.8885,0.8894,0.8894,0.9237,8.6968,0.6553,0.5891,0.5851,0.5851,german_poetree,kn,2000,201,w20
300,0.8221,0.8211,0.8211,1.0651,6.6195,0.7755,0.7296,0.7329,0.7329,german_poetree,kn,2000,127,w20
150,0.7275,0.7289,0.7289,1.3937,5.9757,0.9474,0.8656,0.864,0.864,german_poetree,kn,2000,95,w20
0,0.9903,0.9904,0.9903,0.2074,2.6963,0.1918,0.1604,0.1613,0.1624,german_poetree,kn,2000,1249,w30
1200,0.9424,0.9425,0.9423,0.732,10.7193,0.5174,0.42,0.4197,0.4191,german_poetree,kn,2000,346,w30
600,0.8947,0.8946,0.8946,0.8904,8.4102,0.6415,0.5703,0.5755,0.5755,german_poetree,kn,2000,201,w30
300,0.8243,0.823,0.823,1.057,6.5244,0.7706,0.7246,0.7286,0.7286,german_poetree,kn,2000,127,w30
150,0.7256,0.7273,0.7273,1.3306,5.6244,0.9284,0.867,0.8657,0.8657,german_poetree,kn,2000,93,w30
0,0.8107,0.8155,0.8156,5.4704,80.5844,2.3235,0.5415,0.5405,0.5403,italian_dracor,kn,1958,1487,w10
1200,0.8077,0.8138,0.8138,2.915,40.9821,1.3325,0.6308,0.6294,0.629,italian_dracor,kn,1958,380,w10
600,0.7801,0.785,0.785,1.9467,17.2799,0.9748,0.7491,0.7477,0.7477,italian_dracor,kn,1958,214,w10
300,0.7204,0.7274,0.7274,1.5671,8.7634,0.9347,0.8661,0.8564,0.8564,italian_dracor,kn,1958,135,w10
150,0.6236,0.6264,0.6264,1.6156,6.0846,1.0364,0.9525,0.9425,0.9425,italian_dracor,kn,1958,96,w10
0,0.8137,0.8186,0.8187,5.3861,79.3582,2.288,0.5353,0.5334,0.5333,italian_dracor,kn,1958,1392,w20
1200,0.814,0.8197,0.8198,2.8075,39.4777,1.2883,0.6257,0.6259,0.6255,italian_dracor,kn,1958,354,w20
600,0.7964,0.8009,0.8009,1.811,16.0151,0.9185,0.7212,0.7203,0.7203,italian_dracor,kn,1958,201,w20
300,0.7339,0.7403,0.7403,1.5068,8.3448,0.9106,0.8546,0.8457,0.8457,italian_dracor,kn,1958,128,w20
150,0.6202,0.6215,0.6215,1.715,6.654,1.0654,0.9577,0.9497,0.9497,italian_dracor,kn,1958,95,w20
0,0.8135,0.8183,0.8184,5.3412,78.7028,2.271,0.5364,0.5338,0.5328,italian_dracor,kn,1958,1286,w30
1200,0.8176,0.8232,0.8233,2.7258,38.3243,1.253,0.6124,0.607,0.607,italian_dracor,kn,1958,336,w30
600,0.7928,0.7973,0.7973,1.8193,16.1333,0.9253,0.7309,0.7281,0.7281,italian_dracor,kn,1958,194,w30
300,0.7419,0.7478,0.7478,1.4507,8.0691,0.8921,0.8432,0.8351,0.8351,italian_dracor,kn,1958,122,w30
150,0.6324,0.6345,0.6345,1.6036,6.1,1.0297,0.9452,0.938,0.938,italian_dracor,kn,1958,90,w30
0,0.9645,0.9658,0.9658,0.6006,8.8727,0.3595,0.302,0.3002,0.2999,italian_poetree,kn,2000,1462,w10
1200,0.9282,0.9299,0.9299,0.8005,11.3269,0.5104,0.4456,0.442,0.4416,italian_poetree,kn,2000,379,w10
600,0.8717,0.8755,0.8755,1.0664,9.5047,0.6812,0.6187,0.606,0.606,italian_poetree,kn,2000,216,w10
300,0.7717,0.7758,0.7758,1.3879,8.444,0.8845,0.803,0.7917,0.7917,italian_poetree,kn,2000,135,w10
150,0.673,0.6757,0.6757,1.5551,6.5085,1.0111,0.9158,0.9098,0.9098,italian_poetree,kn,2000,96,w10
0,0.9646,0.9658,0.9658,0.6057,8.9701,0.3605,0.2952,0.2943,0.2942,italian_poetree,kn,2000,1340,w20
1200,0.9307,0.9322,0.9322,0.7799,10.9902,0.5015,0.4366,0.4351,0.4348,italian_poetree,kn,2000,353,w20
600,0.8734,0.8761,0.8761,1.0871,9.7554,0.6884,0.6101,0.6027,0.6027,italian_poetree,kn,2000,202,w20
300,0.7811,0.7842,0.7842,1.3424,8.1708,0.8674,0.7863,0.7773,0.7773,italian_poetree,kn,2000,114,w20
150,0.6745,0.6782,0.6782,1.5925,6.6748,1.0195,0.9159,0.9055,0.9055,italian_poetree,kn,2000,70,w20
0,0.9648,0.966,0.9659,0.5992,8.8982,0.3584,0.2976,0.2954,0.2944,italian_poetree,kn,2000,873,w30
1200,0.9333,0.9344,0.9344,0.7629,10.8269,0.4965,0.4287,0.4249,0.4248,italian_poetree,kn,2000,221,w30
600,0.8763,0.8793,0.8793,1.074,9.5588,0.6842,0.6051,0.5952,0.5952,italian_poetree,kn,2000,124,w30
300,0.7791,0.7821,0.7821,1.3806,8.4208,0.8798,0.7888,0.7764,0.7764,italian_poetree,kn,2000,79,w30
150,0.672,0.6752,0.6752,1.539,6.3905,1.0067,0.9157,0.9095,0.9095,italian_poetree,kn,2000,58,w30
0,0.9644,0.9646,0.9647,0.4022,10.4592,0.4045,0.2891,0.2802,0.2798,norwegian_poetree,kn,288,129,w10
1200,0.9476,0.9473,0.9472,0.4695,11.4371,0.4793,0.3699,0.3757,0.3752,norwegian_poetree,kn,288,34,w10
600,0.9247,0.9233,0.9233,0.5333,7.8103,0.5253,0.4475,0.4576,0.4576,norwegian_poetree,kn,288,19,w10
300,0.8574,0.8652,0.8652,0.7576,6.6278,0.6816,0.6329,0.6125,0.6125,norwegian_poetree,kn,288,12,w10
150,0.8212,0.836,0.836,0.9543,5.551,0.7925,0.6901,0.6623,0.6623,norwegian_poetree,kn,288,9,w10
0,0.9652,0.9662,0.9661,0.3997,10.1939,0.3997,0.2812,0.2753,0.2755,norwegian_poetree,kn,288,117,w20
1200,0.9451,0.9441,0.9442,0.4773,11.9047,0.4888,0.3816,0.3816,0.3806,norwegian_poetree,kn,288,32,w20
600,0.9201,0.9203,0.9203,0.5504,7.9432,0.5362,0.4674,0.4659,0.4659,norwegian_poetree,kn,288,18,w20
300,0.8545,0.8637,0.8637,0.7799,6.7821,0.6929,0.6362,0.6146,0.6146,norwegian_poetree,kn,288,12,w20
150,0.7928,0.8146,0.8146,1.0743,6.4131,0.8619,0.7495,0.7076,0.7076,norwegian_poetree,kn,288,8,w20
0,0.9686,0.9699,0.9697,0.3684,9.2413,0.3725,0.2661,0.2648,0.2649,norwegian_poetree,kn,288,115,w30
1200,0.9511,0.9495,0.9494,0.4385,10.5501,0.4518,0.3528,0.3616,0.3616,norwegian_poetree,kn,288,31,w30
600,0.9264,0.9253,0.9253,0.5254,7.652,0.5156,0.4578,0.4523,0.4523,norwegian_poetree,kn,288,18,w30
300,0.8626,0.8675,0.8675,0.7634,6.6467,0.6885,0.6027,0.5987,0.5987,norwegian_poetree,kn,288,12,w30
150,0.7983,0.8176,0.8176,1.0551,6.2601,0.8554,0.7252,0.7043,0.7043,norwegian_poetree,kn,288,8,w30
0,0.9361,0.9369,0.9372,0.9431,11.9666,0.4983,0.4073,0.415,0.4121,polish_dracor,kn,368,183,w10
1200,0.8691,0.8709,0.8709,1.3695,16.921,0.7271,0.5879,0.5785,0.5785,polish_dracor,kn,368,44,w10
600,0.832,0.8352,0.8352,1.1975,9.3631,0.7522,0.6848,0.6798,0.6798,polish_dracor,kn,368,25,w10
300,0.7491,0.7521,0.7521,1.4348,8.0114,0.8967,0.7992,0.7968,0.7968,polish_dracor,kn,368,16,w10
150,0.7021,0.7075,0.7075,1.685,6.7606,1.0498,0.8796,0.8714,0.8714,polish_dracor,kn,368,11,w10
0,0.9325,0.9339,0.9339,0.9962,12.8969,0.511,0.4177,0.4159,0.4148,polish_dracor,kn,368,168,w20
1200,0.8779,0.8792,0.8792,1.2741,15.5011,0.6894,0.5781,0.5639,0.5639,polish_dracor,kn,368,41,w20
600,0.8469,0.85,0.85,1.1375,8.7985,0.7271,0.6562,0.6547,0.6547,polish_dracor,kn,368,24,w20
300,0.7522,0.7553,0.7553,1.3807,7.812,0.8812,0.8017,0.7933,0.7933,polish_dracor,kn,368,15,w20
150,0.6887,0.6949,0.6949,1.6405,6.6673,1.0341,0.893,0.8884,0.8884,polish_dracor,kn,368,11,w20
0,0.9369,0.9387,0.9386,0.9564,12.3267,0.4919,0.4005,0.3948,0.3959,polish_dracor,kn,368,164,w30
1200,0.8775,0.8777,0.8777,1.195,14.4704,0.6751,0.5678,0.5657,0.5669,polish_dracor,kn,368,40,w30
600,0.8421,0.8434,0.8434,1.1343,8.9299,0.7292,0.6708,0.6584,0.6584,polish_dracor,kn,368,23,w30
300,0.7492,0.752,0.752,1.3755,7.6677,0.8834,0.7971,0.7926,0.7926,polish_dracor,kn,368,15,w30
150,0.693,0.6993,0.6993,1.6961,6.8156,1.05,0.8828,0.8749,0.8749,polish_dracor,kn,368,11,w30
0,0.9944,0.9945,0.9946,0.1781,2.0851,0.1764,0.1142,0.1132,0.1123,portuguese_poetree,kn,1004,438,w10
1200,0.9801,0.9808,0.9809,0.3001,3.3925,0.2899,0.2385,0.2362,0.2356,portuguese_poetree,kn,1004,121,w10
600,0.9131,0.9153,0.9153,0.619,5.0515,0.5324,0.5105,0.5056,0.5056,portuguese_poetree,kn,1004,68,w10
300,0.7839,0.7864,0.7864,1.1535,7.3605,0.8263,0.7849,0.7804,0.7804,portuguese_poetree,kn,1004,42,w10
150,0.5607,0.5701,0.5701,1.8358,8.7468,1.1794,0.9681,0.9578,0.9578,portuguese_poetree,kn,1004,30,w10
0,0.9941,0.9943,0.9944,0.1788,2.0543,0.1742,0.1189,0.115,0.1144,portuguese_poetree,kn,1004,412,w20
1200,0.9819,0.9824,0.9825,0.3055,3.5095,0.2921,0.2216,0.2219,0.2217,portuguese_poetree,kn,1004,112,w20
600,0.9091,0.9107,0.9107,0.6353,5.1621,0.5452,0.5244,0.5182,0.5182,portuguese_poetree,kn,1004,64,w20
300,0.7696,0.7729,0.7729,1.2064,7.6877,0.853,0.8003,0.7968,0.7968,portuguese_poetree,kn,1004,40,w20
150,0.578,0.5846,0.5846,1.6883,7.9378,1.1282,0.9646,0.9513,0.9513,portuguese_poetree,kn,1004,29,w20
0,0.9941,0.9942,0.9943,0.1887,2.2161,0.1786,0.1161,0.1126,0.1123,portuguese_poetree,kn,1004,397,w30
1200,0.9815,0.9823,0.9823,0.318,3.7768,0.291,0.2274,0.226,0.2258,portuguese_poetree,kn,1004,108,w30
600,0.9131,0.9148,0.9148,0.6187,4.9206,0.54,0.5079,0.5066,0.5066,portuguese_poetree,kn,1004,63,w30
300,0.7802,0.783,0.783,1.142,7.1822,0.8272,0.7888,0.7842,0.7842,portuguese_poetree,kn,1004,39,w30
150,0.5886,0.5964,0.5964,1.6425,7.5863,1.104,0.957,0.9393,0.9393,portuguese_poetree,kn,1004,29,w30
0,0.8146,0.8099,0.8126,5.7047,95.7699,2.6591,0.6912,0.6869,0.6861,romanian_dracor,kn,894,454,w10
1200,0.7967,0.7986,0.7986,3.5862,53.7443,1.6854,0.7465,0.7375,0.7375,romanian_dracor,kn,894,109,w10
600,0.793,0.7992,0.7992,2.2893,21.2255,1.0995,0.7621,0.7521,0.7521,romanian_dracor,kn,894,62,w10
300,0.7335,0.7418,0.7418,1.8559,10.9991,0.9894,0.8494,0.8364,0.8364,romanian_dracor,kn,894,39,w10
150,0.7073,0.7127,0.7127,1.4504,5.6844,0.9419,0.8838,0.8749,0.8749,romanian_dracor,kn,894,28,w10
0,0.8184,0.8135,0.816,5.4395,91.3998,2.5405,0.6794,0.6766,0.6745,romanian_dracor,kn,894,414,w20
1200,0.8057,0.8069,0.8069,3.213,48.2813,1.5382,0.7317,0.7227,0.7229,romanian_dracor,kn,894,101,w20
600,0.7824,0.7893,0.7893,2.2914,21.0187,1.1044,0.7797,0.7697,0.7697,romanian_dracor,kn,894,57,w20
300,0.7365,0.744,0.744,1.7622,10.3068,0.9632,0.8455,0.8342,0.8342,romanian_dracor,kn,894,37,w20
150,0.7225,0.7278,0.7278,1.4327,5.6518,0.9338,0.8651,0.8594,0.8594,romanian_dracor,kn,894,27,w20
0,0.82,0.8152,0.8177,5.3354,89.661,2.4929,0.6774,0.6756,0.6742,romanian_dracor,kn,894,406,w30
1200,0.8022,0.8035,0.8036,3.2654,48.8686,1.5558,0.7446,0.7326,0.7327,romanian_dracor,kn,894,99,w30
600,0.7806,0.7875,0.7875,2.3107,21.2546,1.1109,0.7826,0.7681,0.7681,romanian_dracor,kn,894,55,w30
300,0.7275,0.7371,0.7371,1.8936,11.1765,0.9964,0.8538,0.8377,0.8377,romanian_dracor,kn,894,35,w30
150,0.701,0.7097,0.7097,1.4811,5.7473,0.9489,0.8871,0.8777,0.8777,romanian_dracor,kn,894,26,w30
0,0.889,0.8905,0.8901,2.2798,33.377,1.0436,0.5882,0.5867,0.5886,russian_dracor,kn,2000,1031,w10
1200,0.8493,0.8491,0.8491,2.046,28.1513,0.9922,0.6736,0.6765,0.6765,russian_dracor,kn,2000,244,w10
600,0.7685,0.769,0.769,1.8524,16.5151,0.98,0.8074,0.8088,0.8088,russian_dracor,kn,2000,138,w10
300,0.633,0.6356,0.6356,2.1747,13.2598,1.1732,0.9465,0.9427,0.9427,russian_dracor,kn,2000,86,w10
150,0.6141,0.6169,0.6169,1.6991,7.0225,1.0797,0.9557,0.9526,0.9526,russian_dracor,kn,2000,62,w10
0,0.8905,0.8921,0.8915,2.2639,33.1059,1.036,0.5865,0.582,0.5837,russian_dracor,kn,2000,1037,w20
1200,0.847,0.8465,0.8465,2.0221,27.893,0.9855,0.6782,0.6817,0.6817,russian_dracor,kn,2000,243,w20
600,0.7561,0.7565,0.7565,1.913,17.0747,1.0096,0.8237,0.8226,0.8226,russian_dracor,kn,2000,138,w20
300,0.6311,0.6332,0.6332,2.1476,13.1067,1.1676,0.9449,0.9439,0.9439,russian_dracor,kn,2000,89,w20
150,0.6228,0.6244,0.6244,1.7234,7.1346,1.0824,0.9511,0.9497,0.9497,russian_dracor,kn,2000,65,w20
0,0.8932,0.8949,0.8943,2.2163,32.4924,1.0161,0.5795,0.5721,0.5733,russian_dracor,kn,2000,986,w30
1200,0.8492,0.8486,0.8486,1.9659,27.0189,0.9656,0.6746,0.6788,0.6788,russian_dracor,kn,2000,235,w30
600,0.7671,0.7676,0.7676,1.7897,15.8774,0.9684,0.8098,0.8093,0.8093,russian_dracor,kn,2000,125,w30
300,0.6264,0.6289,0.6289,2.151,13.1384,1.1701,0.946,0.9428,0.9428,russian_dracor,kn,2000,80,w30
150,0.6332,0.6341,0.6341,1.6135,6.639,1.0478,0.9456,0.9441,0.9441,russian_dracor,kn,2000,58,w30
0,0.9189,0.9192,0.9196,0.9279,14.3227,0.6206,0.4942,0.497,0.4963,russian_poetree,kn,2000,909,w10
1200,0.8385,0.8389,0.8389,1.1929,17.579,0.8048,0.6979,0.6981,0.6984,russian_poetree,kn,2000,250,w10
600,0.7636,0.7686,0.7686,1.3012,12.9624,0.9022,0.8247,0.8135,0.8135,russian_poetree,kn,2000,145,w10
300,0.6637,0.668,0.668,1.4484,9.9191,1.0266,0.9293,0.9155,0.9155,russian_poetree,kn,2000,91,w10
150,0.5893,0.5955,0.5955,1.6076,8.3081,1.1465,0.976,0.9665,0.9665,russian_poetree,kn,2000,67,w10
0,0.9197,0.9198,0.9202,0.9087,14.072,0.6113,0.4947,0.4907,0.49,russian_poetree,kn,2000,890,w20
1200,0.8387,0.84,0.84,1.2008,17.7863,0.8062,0.6988,0.6963,0.6962,russian_poetree,kn,2000,251,w20
600,0.7655,0.7707,0.7707,1.2738,12.5671,0.8916,0.8227,0.8112,0.8112,russian_poetree,kn,2000,139,w20
300,0.6716,0.6767,0.6767,1.4097,9.541,1.0089,0.923,0.907,0.907,russian_poetree,kn,2000,92,w20
150,0.5908,0.5992,0.5992,1.6192,8.3497,1.1479,0.9743,0.9656,0.9656,russian_poetree,kn,2000,63,w20
0,0.9195,0.9199,0.9203,0.8967,13.8482,0.6016,0.4964,0.496,0.4952,russian_poetree,kn,2000,861,w30
1200,0.8456,0.8464,0.8464,1.133,16.6696,0.7748,0.684,0.6831,0.6833,russian_poetree,kn,2000,232,w30
600,0.7677,0.7722,0.7722,1.2426,12.2395,0.8828,0.819,0.8098,0.8098,russian_poetree,kn,2000,133,w30
300,0.6655,0.6709,0.6709,1.4347,9.815,1.021,0.9265,0.9116,0.9116,russian_poetree,kn,2000,83,w30
150,0.5858,0.5941,0.5941,1.5992,8.1859,1.1424,0.9769,0.9673,0.9673,russian_poetree,kn,2000,60,w30
0,0.8885,0.8937,0.8938,1.6405,26.8329,0.8963,0.5098,0.4969,0.4986,slovenian_poetree,kn,368,174,w10
1200,0.8278,0.8334,0.8334,1.5668,24.5331,0.925,0.6557,0.6439,0.6432,slovenian_poetree,kn,368,46,w10
600,0.8172,0.8183,0.8183,1.1595,11.6202,0.7846,0.6766,0.6698,0.6698,slovenian_poetree,kn,368,25,w10
300,0.7211,0.7284,0.7284,1.3078,8.3404,0.9159,0.8476,0.8221,0.8221,slovenian_poetree,kn,368,16,w10
150,0.6362,0.6486,0.6486,1.3781,5.9569,1.0051,0.9315,0.9034,0.9034,slovenian_poetree,kn,368,12,w10
0,0.8912,0.8961,0.8964,1.588,25.8144,0.8673,0.4975,0.4906,0.4893,slovenian_poetree,kn,368,159,w20
1200,0.8304,0.8333,0.8333,1.5496,23.9543,0.9273,0.6392,0.6389,0.6389,slovenian_poetree,kn,368,43,w20
600,0.8241,0.8257,0.8257,1.1121,11.1238,0.7672,0.6831,0.6785,0.6785,slovenian_poetree,kn,368,25,w20
300,0.7282,0.74,0.74,1.3078,8.2918,0.901,0.8224,0.7935,0.7935,slovenian_poetree,kn,368,15,w20
150,0.6562,0.6691,0.6691,1.3417,5.7968,0.9874,0.9104,0.8746,0.8746,slovenian_poetree,kn,368,12,w20
0,0.8927,0.8982,0.8984,1.5803,25.936,0.8602,0.4992,0.4797,0.4807,slovenian_poetree,kn,368,155,w30
1200,0.8344,0.8393,0.8394,1.4915,22.7837,0.8945,0.633,0.6207,0.6201,slovenian_poetree,kn,368,43,w30
600,0.8261,0.8291,0.8291,1.0967,10.9214,0.7548,0.668,0.6565,0.6565,slovenian_poetree,kn,368,22,w30
300,0.7278,0.7413,0.7413,1.3389,8.5238,0.9063,0.828,0.7873,0.7873,slovenian_poetree,kn,368,16,w30
150,0.6485,0.6624,0.6624,1.3793,6.058,0.9933,0.9146,0.883,0.883,slovenian_poetree,kn,368,12,w30
