stream	k	other	share_of_other	rank	of_n	baseline_median	baseline_robust_sd	z
lemma	3	Annolied (O)	0.688203	4	107	0.588078	0.03503	2.86
lemma	3	Rolandslied (P)	0.706716	2	107	0.588078	0.03503	3.39
lemma	3	Rolandslied (A)	0.710537	1	107	0.588078	0.03503	3.5
lemma	3	Alexanderlied (V)	0.623357	15	107	0.588078	0.03503	1.01
lemma	3	Straßburger Alexander	0.625456	14	107	0.588078	0.03503	1.07
lemma	4	Annolied (O)	0.371857	3	107	0.258809	0.032107	3.52
lemma	4	Rolandslied (P)	0.390729	2	107	0.258809	0.032107	4.11
lemma	4	Rolandslied (A)	0.394854	1	107	0.258809	0.032107	4.24
lemma	4	Alexanderlied (V)	0.304471	10	107	0.258809	0.032107	1.42
lemma	4	Straßburger Alexander	0.296597	12	107	0.258809	0.032107	1.18
lemma	5	Annolied (O)	0.146923	3	107	0.076197	0.017052	4.15
lemma	5	Rolandslied (P)	0.158806	2	107	0.076197	0.017052	4.84
lemma	5	Rolandslied (A)	0.160931	1	107	0.076197	0.017052	4.97
lemma	5	Alexanderlied (V)	0.099251	11	107	0.076197	0.017052	1.35
lemma	5	Straßburger Alexander	0.091801	19	107	0.076197	0.017052	0.92
lemma	6	Annolied (O)	0.050088	3	107	0.016167	0.005873	5.78
lemma	6	Rolandslied (P)	0.050856	2	107	0.016167	0.005873	5.91
lemma	6	Rolandslied (A)	0.051788	1	107	0.016167	0.005873	6.06
lemma	6	Alexanderlied (V)	0.022973	14	107	0.016167	0.005873	1.16
lemma	6	Straßburger Alexander	0.019713	20	107	0.016167	0.005873	0.6
lemma	7	Annolied (O)	0.022953	1	107	0.002531	0.00156	13.09
lemma	7	Rolandslied (P)	0.01297	3	107	0.002531	0.00156	6.69
lemma	7	Rolandslied (A)	0.014353	2	107	0.002531	0.00156	7.58
lemma	7	Alexanderlied (V)	0.004792	9	107	0.002531	0.00156	1.45
lemma	7	Straßburger Alexander	0.003206	22	107	0.002531	0.00156	0.43
lemma	8	Annolied (O)	0.013466	1	107	0.000357	0.000432	30.36
lemma	8	Rolandslied (P)	0.003295	3	107	0.000357	0.000432	6.8
lemma	8	Rolandslied (A)	0.003902	2	107	0.000357	0.000432	8.21
lemma	8	Alexanderlied (V)	0.001229	7	107	0.000357	0.000432	2.02
lemma	8	Straßburger Alexander	0.000762	16	107	0.000357	0.000432	0.94
lemma_full	3	Annolied (O)	0.158545	5	107	0.094199	0.032958	1.95
lemma_full	3	Rolandslied (P)	0.169702	1	107	0.094199	0.032958	2.29
lemma_full	3	Rolandslied (A)	0.168671	2	107	0.094199	0.032958	2.26
lemma_full	3	Alexanderlied (V)	0.129682	18	107	0.094199	0.032958	1.08
lemma_full	3	Straßburger Alexander	0.137597	10	107	0.094199	0.032958	1.32
lemma_full	4	Annolied (O)	0.039921	1	107	0.006531	0.005419	6.16
lemma_full	4	Rolandslied (P)	0.030252	2	107	0.006531	0.005419	4.38
lemma_full	4	Rolandslied (A)	0.02624	3	107	0.006531	0.005419	3.64
lemma_full	4	Alexanderlied (V)	0.01351	11	107	0.006531	0.005419	1.29
lemma_full	4	Straßburger Alexander	0.014474	7	107	0.006531	0.005419	1.47
lemma_full	5	Annolied (O)	0.018972	1	107	0.00045	0.000814	22.74
lemma_full	5	Rolandslied (P)	0.006612	2	107	0.00045	0.000814	7.57
lemma_full	5	Rolandslied (A)	0.00548	3	107	0.00045	0.000814	6.18
lemma_full	5	Alexanderlied (V)	0.001474	12	107	0.00045	0.000814	1.26
lemma_full	5	Straßburger Alexander	0.001873	6	107	0.00045	0.000814	1.75
lemma_full	6	Annolied (O)	0.011253	1	107	8e-06	0.000231	48.75
lemma_full	6	Rolandslied (P)	0.002065	2	107	8e-06	0.000231	8.92
lemma_full	6	Rolandslied (A)	0.00144	3	107	8e-06	0.000231	6.21
lemma_full	6	Alexanderlied (V)	0.000123	22	107	8e-06	0.000231	0.5
lemma_full	6	Straßburger Alexander	0.000317	10	107	8e-06	0.000231	1.34
lemma_full	7	Annolied (O)	0.008166	1	107	0.0	1.3e-05	624.14
lemma_full	7	Rolandslied (P)	0.00051	2	107	0.0	1.3e-05	39.01
lemma_full	7	Rolandslied (A)	0.000372	3	107	0.0	1.3e-05	28.4
lemma_full	7	Alexanderlied (V)	0.0	90	107	0.0	1.3e-05	0.0
lemma_full	7	Straßburger Alexander	3.2e-05	8	107	0.0	1.3e-05	2.43
lemma_full	8	Annolied (O)	0.005298	1	107	0.0	0.0	nan
lemma_full	8	Rolandslied (P)	9.3e-05	2	107	0.0	0.0	nan
lemma_full	8	Rolandslied (A)	0.0	91	107	0.0	0.0	nan
lemma_full	8	Alexanderlied (V)	0.0	88	107	0.0	0.0	nan
lemma_full	8	Straßburger Alexander	0.0	87	107	0.0	0.0	nan
