region	verses	z	llr	z_control	llr_control	auc_class	cllr_class	elub_hi
0	1-842	2.1077	0.4521	1.1132	0.2249	0.7154	0.8053	1.5313
1	843-1694	3.0695	1.5313	0.8782	-0.0055	0.7154	0.8053	1.5313
2	1695-2519	4.1624	1.5313	1.8367	0.4495	0.7154	0.8053	1.5313
3	2520-3329	2.3822	0.4521	0.5187	-0.3281	0.7154	0.8053	1.5313
4	3330-4132	3.0242	1.5313	1.4153	0.2249	0.7154	0.8053	1.5313
5	4133-4939	3.0541	1.5313	1.0674	0.2249	0.7154	0.8053	1.5313
6	4940-5784	3.2353	1.5313	1.3249	0.2249	0.7154	0.8053	1.5313
7	5785-6633	2.6540	1.5313	1.4842	0.2249	0.7154	0.8053	1.5313
8	6634-7522	3.4154	1.5313	1.3051	0.2249	0.7154	0.8053	1.5313
9	7523-8329	3.2760	1.5313	1.6295	0.3385	0.7154	0.8053	1.5313
10	8330-9076	2.8110	1.5313	1.4320	0.2249	0.7154	0.8053	1.5313
11	9077-9846	2.7113	1.5313	1.5259	0.3385	0.7154	0.8053	1.5313
12	9847-10673	3.1194	1.5313	1.3269	0.2249	0.7154	0.8053	1.5313
13	10674-11517	2.2112	0.4521	0.6994	-0.1722	0.7154	0.8053	1.5313
14	11518-12338	1.5277	0.3385	0.7847	0.0999	0.7154	0.8053	1.5313
15	12339-13158	3.2135	1.5313	1.6770	0.3385	0.7154	0.8053	1.5313
16	13159-14009	3.5202	1.5313	1.3994	0.2249	0.7154	0.8053	1.5313
17	14010-14857	2.7266	1.5313	0.6852	-0.0516	0.7154	0.8053	1.5313
18	14858-15718	1.6644	0.3385	1.4141	0.2249	0.7154	0.8053	1.5313
19	15719-16571	0.7464	0.0999	0.9052	0.2249	0.7154	0.8053	1.5313
