witness	tokens	baseline_median	baseline_quantile	masked_tokens	masked_share	n_partners	top_partners
kcd__anon__kaiserchronik__A1	86378	0.00036	0.0012	1359	0.01573	14	rem__M205P:942;rem__M205A:637;rem__M013O:210;rem__M205S:73
kcd__anon__kaiserchronik__B1	77943	0.00058	0.00182	1965	0.02521	19	rem__M205P:907;rem__M541H:795;rem__M205A:545;rem__M241:194
kcd__anon__kaiserchronik__C1	86640	0.0005	0.0013	1607	0.01855	20	rem__M205P:1011;rem__M205A:479;hvad__hartmann_von_aue__gregorius__A:168;rem__M241:157
kcd__anon__kaiserchronik__Co	75122	0.0003	0.001	977	0.01301	20	rem__M205P:626;rem__M205A:219;rem__M013O:65;rem__M064R:57
kcd__anon__kaiserchronik__H	87188	0.00036	0.00097	1849	0.02121	20	rem__M205P:1279;rem__M205A:795;rem__M013O:165;rem__M241:134
kcd__anon__kaiserchronik__K	88876	0.00043	0.00136	1223	0.01376	12	rem__M205P:933;rem__M205A:498;rem__M013O:141;rem__M205S:59
kcd__anon__kaiserchronik__M	83195	0.00045	0.00127	2396	0.0288	22	rem__M205P:1218;rem__M541H:689;rem__M205A:679;hvad__hartmann_von_aue__gregorius__J:195
kcd__anon__kaiserchronik__P	28795	0.00014	0.00076	142	0.00493	7	rem__M013O:59;ambraser__anon__der_mantel__d:32;parzival__wolfram_von_eschenbach__parzival__fr14:24;parzival__wolfram_von_eschenbach__parzival__fr7:18
kcd__anon__kaiserchronik__VB	75693	0.00048	0.00162	1871	0.02472	22	rem__M205P:861;rem__M541H:654;rem__M205A:523;rem__M241:146
kcd__anon__kaiserchronik__VC	88810	0.00035	0.00113	1131	0.01274	20	rem__M205P:851;rem__M205A:382;rem__M013O:74;parzival__wolfram_von_eschenbach__parzival__fr10:32
kcd__anon__kaiserchronik__W	52365	0.00028	0.00082	966	0.01845	20	rem__M205P:644;rem__M205A:342;rem__M013O:109;hvad__hartmann_von_aue__gregorius__G:73
kcd__anon__kaiserchronik__Z	89114	0.00032	0.00101	933	0.01047	19	rem__M205P:665;rem__M205A:310;rem__M013O:73;ambraser__herrand_von_wildonie__der_nackte_kaiser__d:40
kcd__anon__kaiserchronik__a11	1888	0.0	0.0	67	0.03549	21	parzival__wolfram_von_eschenbach__parzival__u:17;parzival__wolfram_von_eschenbach__parzival__v:17;parzival__wolfram_von_eschenbach__parzival__w:17;rem__M205P:16
kcd__anon__kaiserchronik__a12α	481	0.0	0.0	32	0.06653	4	hvad__hartmann_von_aue__iwein__R:8;ambraser__anon__wolfdietrich_a__d:8;rem__M541H:8;parzival__wolfram_von_eschenbach__parzival__r:8
kcd__anon__kaiserchronik__a12β	490	0.0	0.0	47	0.09592	8	rem__M205P:18;rem__M205A:10;ambraser__anon__nibelungenlied__d:9;rem__M314:8
kcd__anon__kaiserchronik__a14	808	0.0	0.0	57	0.07054	27	parzival__wolfram_von_eschenbach__parzival__t:16;parzival__wolfram_von_eschenbach__parzival__r:16;parzival__wolfram_von_eschenbach__parzival__mk:16;parzival__wolfram_von_eschenbach__parzival__i:16
kcd__anon__kaiserchronik__a15	3821	0.0	0.0	144	0.03769	45	rem__M205P:35;parzival__wolfram_von_eschenbach__parzival__o:32;parzival__wolfram_von_eschenbach__parzival__v:27;parzival__wolfram_von_eschenbach__parzival__u:24
kcd__anon__kaiserchronik__a3	667	0.0	0.0	0	0.0	0	
kcd__anon__kaiserchronik__a4α	2988	0.0	0.0	90	0.03012	21	parzival__wolfram_von_eschenbach__parzival__nk:24;parzival__wolfram_von_eschenbach__parzival__r:17;parzival__wolfram_von_eschenbach__parzival__ok:16;parzival__wolfram_von_eschenbach__parzival__g:16
kcd__anon__kaiserchronik__a4β	508	0.0	0.0	18	0.03543	2	rem__M205P:10;parzival__wolfram_von_eschenbach__parzival__w:8
kcd__anon__kaiserchronik__a4γ	1414	0.0	0.0	94	0.06648	21	parzival__wolfram_von_eschenbach__parzival__v:25;rem__M205P:17;parzival__wolfram_von_eschenbach__parzival__t:17;parzival__wolfram_von_eschenbach__parzival__d:17
kcd__anon__kaiserchronik__a5β	444	0.0	0.0	16	0.03604	7	parzival__wolfram_von_eschenbach__parzival__vv:8;parzival__wolfram_von_eschenbach__parzival__m:8;parzival__wolfram_von_eschenbach__parzival__mk:8;parzival__wolfram_von_eschenbach__parzival__i:8
kcd__anon__kaiserchronik__a6	2764	0.0	0.0	147	0.05318	33	rem__M205P:37;parzival__wolfram_von_eschenbach__parzival__d:24;rem__M013O:16;rem__M541H:16
kcd__anon__kaiserchronik__a7	910	0.0	0.0	52	0.05714	12	hvad__hartmann_von_aue__der_arme_heinrich__Bb:9;parzival__wolfram_von_eschenbach__parzival__fr69:8;hvad__hartmann_von_aue__der_arme_heinrich__Ba:8;ambraser__anon__nibelungenklage__d:8
kcd__anon__kaiserchronik__a8	914	0.0	0.0	52	0.05689	7	rem__M205A:18;rem__M205P:16;hvad__hartmann_von_aue__gregorius__A:9;hvad__hartmann_von_aue__gregorius__K:9
kcd__anon__kaiserchronik__a9	396	0.0	0.0	65	0.16414	26	rem__M205P:16;hvad__hartmann_von_aue__iwein__D:10;parzival__wolfram_von_eschenbach__parzival__nk:9;rem__M541B:8
kcd__anon__kaiserchronik__b10	1851	0.0	0.0	66	0.03566	14	ambraser__anon__kudrun__d:16;parzival__wolfram_von_eschenbach__parzival__m:16;rem__M205P:9;ambraser__anon__von_dem_uebelen_wibe__d:8
kcd__anon__kaiserchronik__b11	1143	0.0	0.0	34	0.02975	19	parzival__wolfram_von_eschenbach__parzival__v:24;rem__M205P:17;parzival__wolfram_von_eschenbach__parzival__mk:17;parzival__wolfram_von_eschenbach__parzival__m:16
kcd__anon__kaiserchronik__b1_lc	3351	0.0	0.0	95	0.02835	19	rem__M008:24;rem__M013O:21;ambraser__anon__wolfdietrich_a__d:10;rem__M241E:8
kcd__anon__kaiserchronik__b2	599	0.0	0.0	43	0.07179	9	rem__M541H:12;rem__M341:8;rem__M205A:8;hvad__hartmann_von_aue__iwein__D:8
kcd__anon__kaiserchronik__b3	796	0.0	0.0	32	0.0402	9	parzival__wolfram_von_eschenbach__parzival__w:10;rem__M064R:8;hvad__hartmann_von_aue__gregorius__H:8;rem__M321:8
kcd__anon__kaiserchronik__b4	1394	0.0	0.0	66	0.04735	17	rem__M205P:16;parzival__wolfram_von_eschenbach__parzival__o:16;parzival__wolfram_von_eschenbach__parzival__l:16;parzival__wolfram_von_eschenbach__parzival__g:16
kcd__anon__kaiserchronik__b5	1806	0.0	0.0	155	0.08583	42	rem__M541H:37;parzival__wolfram_von_eschenbach__parzival__w:33;hvad__hartmann_von_aue__iwein__D:32;parzival__wolfram_von_eschenbach__parzival__nk:24
kcd__anon__kaiserchronik__b6α	1056	0.0	0.0	59	0.05587	17	rem__M205P:17;rem__M541H:16;rem__M334:9;ambraser__anon__kudrun__d:9
kcd__anon__kaiserchronik__b6β	1383	0.0	0.0	63	0.04555	22	parzival__wolfram_von_eschenbach__parzival__u:17;parzival__wolfram_von_eschenbach__parzival__z:17;parzival__wolfram_von_eschenbach__parzival__v:17;parzival__wolfram_von_eschenbach__parzival__w:17
kcd__anon__kaiserchronik__b6γ	1239	0.0	0.0	60	0.04843	14	rem__M241:9;rem__M008:9;rem__M321:8;rem__M317:8
kcd__anon__kaiserchronik__b7	2438	0.0	0.0	126	0.05168	26	rem__M205P:32;ambraser__anon__wolfdietrich_a__d:24;hvad__hartmann_von_aue__iwein__a_lc:24;hvad__hartmann_von_aue__iwein__A:18
kcd__anon__kaiserchronik__b8	6936	0.0	0.0	315	0.04542	52	rem__M541H:64;rem__M205P:48;parzival__wolfram_von_eschenbach__parzival__u:40;parzival__wolfram_von_eschenbach__parzival__l:40
kcd__anon__kaiserchronik__b9	2482	0.0	0.0	98	0.03948	19	hvad__hartmann_von_aue__iwein__B:17;hvad__hartmann_von_aue__gregorius__A:16;parzival__wolfram_von_eschenbach__parzival__v:16;hvad__hartmann_von_aue__iwein__A:9
kcd__anon__kaiserchronik__c1_lc	501	0.0	0.0	43	0.08583	12	parzival__wolfram_von_eschenbach__parzival__mk:32;rem__M343:8;rem__M241:8;hvad__hartmann_von_aue__iwein__d_lc:8
kcd__anon__kaiserchronik__c2	810	0.0	0.0	42	0.05185	10	rem__M334:8;ambraser__anon__nibelungenklage__d:8;ambraser__anon__ortnit__d:8;hvad__hartmann_von_aue__iwein__a_lc:8
kcd__anon__kaiserchronik__c3	1061	0.0	0.0	55	0.05184	8	parzival__wolfram_von_eschenbach__parzival__mk:17;ambraser__anon__rabenschlacht__d:16;rem__M541H:9;hvad__hartmann_von_aue__gregorius__G:8
kcd__anon__kaiserchronik__c4	156	0.0	0.0	17	0.10897	6	hvad__hartmann_von_aue__iwein__s_lc:9;hvad__hartmann_von_aue__iwein__S:9;hvad__hartmann_von_aue__iwein__f_lc:8;hvad__hartmann_von_aue__iwein__D:8
kcd__anon__kaiserchronik__c5	1771	0.0	0.0	80	0.04517	18	rem__M205P:24;parzival__wolfram_von_eschenbach__parzival__v:17;parzival__wolfram_von_eschenbach__parzival__i:16;rem__M205W:8
kcd__anon__kaiserchronik__x1α	1745	0.0	0.0	98	0.05616	17	parzival__wolfram_von_eschenbach__parzival__mk:27;rem__M205P:26;parzival__wolfram_von_eschenbach__parzival__i:24;parzival__wolfram_von_eschenbach__parzival__g:24
kcd__anon__kaiserchronik__x1β	3267	0.0	0.0	55	0.01684	22	rem__M205P:16;parzival__wolfram_von_eschenbach__parzival__r:16;parzival__wolfram_von_eschenbach__parzival__m:15;parzival__wolfram_von_eschenbach__parzival__fr11:10
kcd__anon__kaiserchronik__x2	1706	0.0	0.0	73	0.04279	35	ambraser__anon__kudrun__d:18;rem__M205P:16;hvad__hartmann_von_aue__iwein__D:16;hvad__hartmann_von_aue__iwein__B:16
rem__M121F	3834	0.0	0.0	170	0.04434	28	rem__M205P:41;rem__M205A:27;parzival__wolfram_von_eschenbach__parzival__nk:24;rem__M013O:16
rem__M121G	243	0.0	0.0	20	0.0823	7	rem__M013B:8;rem__M013O:8;ambraser__wernher_der_gartenaere__helmbrecht__d:8;ambraser__anon__biterolf_und_dietleib__d:8
rem__M121K	1341	0.0	0.0	108	0.08054	24	rem__M205P:36;parzival__wolfram_von_eschenbach__parzival__m:24;hvad__hartmann_von_aue__iwein__D:16;parzival__wolfram_von_eschenbach__parzival__l:16
rem__M121N	1812	0.0	0.0	88	0.04857	20	parzival__wolfram_von_eschenbach__parzival__o:25;parzival__wolfram_von_eschenbach__parzival__u:17;parzival__wolfram_von_eschenbach__parzival__r:17;parzival__wolfram_von_eschenbach__parzival__v:17
rem__M121S	972	0.0	0.0	71	0.07305	10	rem__M205P:27;rem__M205A:18;ambraser__anon__nibelungenlied__d:9;rem__M314:8
rem__M121W	3980	0.0	0.0	142	0.03568	44	rem__M205P:51;parzival__wolfram_von_eschenbach__parzival__v:27;rem__M205A:26;parzival__wolfram_von_eschenbach__parzival__u:24
